      <div id="AL" class="state_group">
        <option value="5894 Dogwood Cir McCalla AL 35111">5894 Dogwood Cir McCalla AL 35111</option>
        <option value="175 Lakeview Dr Hartford AL 36344">175 Lakeview Dr Hartford AL 36344</option>
        <option value="1250 E Spring Valley Dr Mobile AL 36693">1250 E Spring Valley Dr Mobile AL 36693</option>
      </div>

      <div id="AR" class="state_group">
        <option value="503 Campus St Jonesboro AR 72401">503 Campus St Jonesboro AR 72401</option>
        <option value="1200 W Callahan Dr Rogers AR 72758">1200 W Callahan Dr Rogers AR 72758</option>
      </div>

      <div id="AZ" class="state_group">
        <option value="3450 N Verano Ct Chandler AZ">3450 N Verano Ct Chandler AZ</option>
        <option value="3721 West Luke Avenue Phoenix AZ 85019">3721 West Luke Avenue Phoenix AZ 85019</option>
        <option value="20205 N 29th St Phoenix AZ 85050">20205 N 29th St Phoenix AZ 85050</option>
        <option value="Anthem N Anthem Creek Dr New River AZ 85086">Anthem N Anthem Creek Dr New River AZ 85086</option>
        <option value="514 N Fraser Dr Mesa AZ 85203">514 N Fraser Dr Mesa AZ 85203</option>
        <option value="3450 North Verano Court Chandler AZ 85224">3450 North Verano Court Chandler AZ 85224</option>
        <option value="1331 W Temple St Chandler AZ 85224">1331 W Temple St Chandler AZ 85224</option>
        <option value="3451 N Verano Ct Chandler AZ 85224">3451 N Verano Ct Chandler AZ 85224</option>
        <option value="3350 E Cullumber Ct Gilbert AZ 85234">3350 E Cullumber Ct Gilbert AZ 85234</option>
        <option value="3302 E Elmwood Pl Chandler AZ 85249">3302 E Elmwood Pl Chandler AZ 85249</option>
        <option value="1808 N Miller Rd Scottsdale AZ 85257">1808 N Miller Rd Scottsdale AZ 85257</option>
        <option value="6809 E Coronado Rd Scottsdale AZ 85257">6809 E Coronado Rd Scottsdale AZ 85257</option>
        <option value="15628 E Tepee Dr Fountain Hills AZ 85268">15628 E Tepee Dr Fountain Hills AZ 85268</option>
        <option value="2313 S Tucana Ln Gilbert AZ 85295">2313 S Tucana Ln Gilbert AZ 85295</option>
        <option value="3701 E Palo Verde St Gilbert AZ 85296">3701 E Palo Verde St Gilbert AZ 85296</option>
        <option value="4310 S Fireside Trail Gilbert AZ 85297">4310 S Fireside Trail Gilbert AZ 85297</option>
        <option value="5291 S Sugarberry Ct Gilbert AZ 85298">5291 S Sugarberry Ct Gilbert AZ 85298</option>
        <option value="21397 N 71st Dr Glendale AZ 85308">21397 N 71st Dr Glendale AZ 85308</option>
        <option value="7123 West Peoria Avenue Peoria AZ 85345">7123 West Peoria Avenue Peoria AZ 85345</option>
        <option value="3990 N Paseo De Las Canchas Tucson AZ 85716">3990 N Paseo De Las Canchas Tucson AZ 85716</option>
        <option value="3444 E Blacklidge Dr Tucson AZ 85716">3444 E Blacklidge Dr Tucson AZ 85716</option>
      </div>

      <div id="CA" class="state_group">
        <option value="2211 Palomino Rd Livermore CA">2211 Palomino Rd Livermore CA</option>
        <option value="4051 S Normandie Ave Los Angeles CA">4051 S Normandie Ave Los Angeles CA</option>
        <option value="1372 E 48th Pl Los Angeles CA">1372 E 48th Pl Los Angeles CA</option>
        <option value="1022 W 57th St Los Angeles CA">1022 W 57th St Los Angeles CA</option>
        <option value="24129 View Pointe Ln Santa Clarita CA">24129 View Pointe Ln Santa Clarita CA</option>
        <option value="5204 Sungrove Ct Antioch CA">5204 Sungrove Ct Antioch CA</option>
        <option value="752 S 5th St Montebello CA">752 S 5th St Montebello CA</option>
        <option value="6071 Homewood Ave Buena Park CA">6071 Homewood Ave Buena Park CA</option>
        <option value="10860 S Magnolia Ave Anaheim CA">10860 S Magnolia Ave Anaheim CA</option>
        <option value="151 E 105th St Los Angeles CA 90003">151 E 105th St Los Angeles CA 90003</option>
        <option value="1372 East 48th Place Los Angeles CA 90011">1372 East 48th Place Los Angeles CA 90011</option>
        <option value="5011 Wadsworth Ave Los Angeles CA 90011">5011 Wadsworth Ave Los Angeles CA 90011</option>
        <option value="3617 4th Ave Los Angeles CA 90018">3617 4th Ave Los Angeles CA 90018</option>
        <option value="3205 Pyrites St Los Angeles CA 90032">3205 Pyrites St Los Angeles CA 90032</option>
        <option value="742 N Citrus Ave Los Angeles CA 90038">742 N Citrus Ave Los Angeles CA 90038</option>
        <option value="2101 Panorama Terrace Los Angeles CA 90039">2101 Panorama Terrace Los Angeles CA 90039</option>
        <option value="5959 6th Ave Los Angeles CA 90043">5959 6th Ave Los Angeles CA 90043</option>
        <option value="1235 W 77th St Los Angeles CA 90044">1235 W 77th St Los Angeles CA 90044</option>
        <option value="701 W 103rd St Los Angeles CA 90044">701 W 103rd St Los Angeles CA 90044</option>
        <option value="617 W 82nd St Los Angeles CA 90044">617 W 82nd St Los Angeles CA 90044</option>
        <option value="W 84th St Los Angeles CA 90045">W 84th St Los Angeles CA 90045</option>
        <option value="7407 Hawthorn Ave Los Angeles CA 90046">7407 Hawthorn Ave Los Angeles CA 90046</option>
        <option value="1822 Camino Palmero St Los Angeles CA 90046">1822 Camino Palmero St Los Angeles CA 90046</option>
        <option value="2018 W 85th St Los Angeles CA 90047">2018 W 85th St Los Angeles CA 90047</option>
        <option value="5912 S Halm Ave Los Angeles CA 90056">5912 S Halm Ave Los Angeles CA 90056</option>
        <option value="908 E 111th Dr Los Angeles CA 90059">908 E 111th Dr Los Angeles CA 90059</option>
        <option value="2415 E 112th Pl Los Angeles CA 90059">2415 E 112th Pl Los Angeles CA 90059</option>
        <option value="1707 E 114th St Los Angeles CA 90059">1707 E 114th St Los Angeles CA 90059</option>
        <option value="11415 Link St Los Angeles CA 90061">11415 Link St Los Angeles CA 90061</option>
        <option value="2018 W Martin Luther King Jr Blvd Los Angeles CA 90062">2018 W Martin Luther King Jr Blvd Los Angeles CA 90062</option>
        <option value="3744 E 3rd St Los Angeles CA 90063">3744 E 3rd St Los Angeles CA 90063</option>
        <option value="3516 Marguerite St Los Angeles CA 90065">3516 Marguerite St Los Angeles CA 90065</option>
        <option value="948 W Almond St Compton CA 90220">948 W Almond St Compton CA 90220</option>
        <option value="948 West Almond Street Compton CA 90220">948 West Almond Street Compton CA 90220</option>
        <option value="1114 N McDivitt Ave Compton CA 90221">1114 N McDivitt Ave Compton CA 90221</option>
        <option value="8270 Stewart and Gray Rd Downey CA 90241">8270 Stewart and Gray Rd Downey CA 90241</option>
        <option value="11929 Patton Rd Downey CA 90242">11929 Patton Rd Downey CA 90242</option>
        <option value="12227 Brookshire Ave Downey CA 90242">12227 Brookshire Ave Downey CA 90242</option>
        <option value="7847 Lyndora St Downey CA 90242">7847 Lyndora St Downey CA 90242</option>
        <option value="12323 Richeon Ave Downey CA 90242">12323 Richeon Ave Downey CA 90242</option>
        <option value="12268 Samoline Ave Downey CA 90242">12268 Samoline Ave Downey CA 90242</option>
        <option value="12224 Brookshire Ave Downey CA 90242">12224 Brookshire Ave Downey CA 90242</option>
        <option value="1925 W Gardena Blvd Gardena CA 90247">1925 W Gardena Blvd Gardena CA 90247</option>
        <option value="1008 Flagler Ln #2 Redondo Beach CA 90278">1008 Flagler Ln #2 Redondo Beach CA 90278</option>
        <option value="235 Main St #121 Venice CA 90291">235 Main St #121 Venice CA 90291</option>
        <option value="W 79th St Playa Del Rey CA 90293">W 79th St Playa Del Rey CA 90293</option>
        <option value="517 17th St Santa Monica CA 90402">517 17th St Santa Monica CA 90402</option>
        <option value="1053 Harvard St Santa Monica CA 90403">1053 Harvard St Santa Monica CA 90403</option>
        <option value="3545 Senefeld Dr Torrance CA 90505">3545 Senefeld Dr Torrance CA 90505</option>
        <option value="7121 Walker St La Palma CA 90623">7121 Walker St La Palma CA 90623</option>
        <option value="752 South 5th Street Montebello CA 90640">752 South 5th Street Montebello CA 90640</option>
        <option value="11737 Clarkman St Santa Fe Springs CA 90670">11737 Clarkman St Santa Fe Springs CA 90670</option>
        <option value="18416 Alexander Avenue Cerritos CA 90703">18416 Alexander Avenue Cerritos CA 90703</option>
        <option value="13241 Abana Pl Cerritos CA 90703">13241 Abana Pl Cerritos CA 90703</option>
        <option value="16702 Moorbrook Ave Cerritos CA 90703">16702 Moorbrook Ave Cerritos CA 90703</option>
        <option value="16442 Stowers Ave Cerritos CA 90703">16442 Stowers Ave Cerritos CA 90703</option>
        <option value="13437 Ashworth Pl Cerritos CA 90703">13437 Ashworth Pl Cerritos CA 90703</option>
        <option value="13502 Darvalle St Cerritos CA 90703">13502 Darvalle St Cerritos CA 90703</option>
        <option value="16422 Elmont Ave Cerritos CA 90703">16422 Elmont Ave Cerritos CA 90703</option>
        <option value="17320 Alexandra Cir Cerritos CA 90703">17320 Alexandra Cir Cerritos CA 90703</option>
        <option value="13152 Aclare St Cerritos CA 90703">13152 Aclare St Cerritos CA 90703</option>
        <option value="12623 Chadwell St Lakewood CA 90715">12623 Chadwell St Lakewood CA 90715</option>
        <option value="4265 Ironwood Ave Seal Beach CA 90740">4265 Ironwood Ave Seal Beach CA 90740</option>
        <option value="1848 Raymond Ave Signal Hill CA 90755">1848 Raymond Ave Signal Hill CA 90755</option>
        <option value="1921 E Florida St Long Beach CA 90802">1921 E Florida St Long Beach CA 90802</option>
        <option value="601 Almond Ave Long Beach CA 90802">601 Almond Ave Long Beach CA 90802</option>
        <option value="1133 Raymond Ave Long Beach CA 90804">1133 Raymond Ave Long Beach CA 90804</option>
        <option value="2401 Magnolia Ave Long Beach CA 90806">2401 Magnolia Ave Long Beach CA 90806</option>
        <option value="715 W Longden Ave Arcadia CA 91007">715 W Longden Ave Arcadia CA 91007</option>
        <option value="543 W Duarte Rd Monrovia CA 91016">543 W Duarte Rd Monrovia CA 91016</option>
        <option value="231 S De Lacey Ave Pasadena CA 91105">231 S De Lacey Ave Pasadena CA 91105</option>
        <option value="2874 Paloma St Pasadena CA 91107">2874 Paloma St Pasadena CA 91107</option>
        <option value="2670 Lambert Dr Pasadena CA 91107">2670 Lambert Dr Pasadena CA 91107</option>
        <option value="112 S Everett St Glendale CA 91205">112 S Everett St Glendale CA 91205</option>
        <option value="29623 Strawberry Hill Dr Agoura Hills CA 91301">29623 Strawberry Hill Dr Agoura Hills CA 91301</option>
        <option value="111 Lucero St Thousand Oaks CA 91360">111 Lucero St Thousand Oaks CA 91360</option>
        <option value="1474 Windsor Dr Thousand Oaks CA 91360">1474 Windsor Dr Thousand Oaks CA 91360</option>
        <option value="Studio City Buena Park Dr Studio City CA 91604">Studio City Buena Park Dr Studio City CA 91604</option>
        <option value="6133 Whitsett Ave #10 North Hollywood CA 91606">6133 Whitsett Ave #10 North Hollywood CA 91606</option>
        <option value="11809 Hamlin St North Hollywood CA 91606">11809 Hamlin St North Hollywood CA 91606</option>
        <option value="11725 Lemay St #7 Los Angeles CA 91606">11725 Lemay St #7 Los Angeles CA 91606</option>
        <option value="North Hollywood Bellaire Ave North Hollywood CA 91607">North Hollywood Bellaire Ave North Hollywood CA 91607</option>
        <option value="15869 Birdfeeder Ln Chino CA 91708">15869 Birdfeeder Ln Chino CA 91708</option>
        <option value="16444 Brentwood Ct Chino Hills CA 91709">16444 Brentwood Ct Chino Hills CA 91709</option>
        <option value="2463 Moon Dust Dr #120 Chino Hills CA 91709">2463 Moon Dust Dr #120 Chino Hills CA 91709</option>
        <option value="360 N Garsden Ave Covina CA 91724">360 N Garsden Ave Covina CA 91724</option>
        <option value="7578 Pepper St Rancho Cucamonga CA 91730">7578 Pepper St Rancho Cucamonga CA 91730</option>
        <option value="10273 Southridge Dr Rancho Cucamonga CA 91737">10273 Southridge Dr Rancho Cucamonga CA 91737</option>
        <option value="10273 Southridge Drive Rancho Cucamonga CA 91737">10273 Southridge Drive Rancho Cucamonga CA 91737</option>
        <option value="7171 Gainsborough Ct Rancho Cucamonga CA 91739">7171 Gainsborough Ct Rancho Cucamonga CA 91739</option>
        <option value="2616 Saleroso Dr Rowland Heights CA 91748">2616 Saleroso Dr Rowland Heights CA 91748</option>
        <option value="305 W Pomona Blvd Monterey Park CA 91754">305 W Pomona Blvd Monterey Park CA 91754</option>
        <option value="8838 Emperor Ave San Gabriel CA 91775">8838 Emperor Ave San Gabriel CA 91775</option>
        <option value="1295 Elm Avenue San Gabriel CA 91775">1295 Elm Avenue San Gabriel CA 91775</option>
        <option value="714 N Sunset Ave West Covina CA 91790">714 N Sunset Ave West Covina CA 91790</option>
        <option value="1633 S Palm Ave Alhambra CA 91803">1633 S Palm Ave Alhambra CA 91803</option>
        <option value="7942 Las Mientes Lane Carlsbad CA 92009">7942 Las Mientes Lane Carlsbad CA 92009</option>
        <option value="848 Canyon Rim Dr El Cajon CA 92021">848 Canyon Rim Dr El Cajon CA 92021</option>
        <option value="1613 Linda Sue Ln Encinitas CA 92024">1613 Linda Sue Ln Encinitas CA 92024</option>
        <option value="365 Amparo Dr Escondido CA 92025">365 Amparo Dr Escondido CA 92025</option>
        <option value="566 Telford Ln Ramona CA 92065">566 Telford Ln Ramona CA 92065</option>
        <option value="103 Cancha De Golf Rancho Santa Fe CA 92091">103 Cancha De Golf Rancho Santa Fe CA 92091</option>
        <option value="1005 Tourmaline St #3 San Diego CA 92109">1005 Tourmaline St #3 San Diego CA 92109</option>
        <option value="1819 Goldfield St San Diego CA 92110">1819 Goldfield St San Diego CA 92110</option>
        <option value="465 C Ave Coronado CA 92118">465 C Ave Coronado CA 92118</option>
        <option value="9519 Questa Pointe San Diego CA 92126">9519 Questa Pointe San Diego CA 92126</option>
        <option value="16179 Cayenne Creek Rd San Diego CA 92127">16179 Cayenne Creek Rd San Diego CA 92127</option>
        <option value="4554 Calle Mar De Armonia San Diego CA 92130">4554 Calle Mar De Armonia San Diego CA 92130</option>
        <option value="6165 Verda Ln San Diego CA 92130">6165 Verda Ln San Diego CA 92130</option>
        <option value="13323 Tiverton Rd San Diego CA 92130">13323 Tiverton Rd San Diego CA 92130</option>
        <option value="44695 San Benito Cir Palm Desert CA 92260">44695 San Benito Cir Palm Desert CA 92260</option>
        <option value="29050 Palm View St Lake Elsinore CA 92530">29050 Palm View St Lake Elsinore CA 92530</option>
        <option value="31875 Cercle Chambertin Temecula CA 92591">31875 Cercle Chambertin Temecula CA 92591</option>
        <option value="34744 Heritage Oaks Ct Winchester CA 92596">34744 Heritage Oaks Ct Winchester CA 92596</option>
        <option value="5 Gillman St Irvine CA 92612">5 Gillman St Irvine CA 92612</option>
        <option value="24 Gillman St Irvine CA 92612">24 Gillman St Irvine CA 92612</option>
        <option value="12 Gillman St Irvine CA 92612">12 Gillman St Irvine CA 92612</option>
        <option value="22 Mann St Irvine CA 92612">22 Mann St Irvine CA 92612</option>
        <option value="20 Dewberry Way Irvine CA 92612">20 Dewberry Way Irvine CA 92612</option>
        <option value="11 Butternut Ln Irvine CA 92612">11 Butternut Ln Irvine CA 92612</option>
        <option value="44 Diamante Irvine CA 92620">44 Diamante Irvine CA 92620</option>
        <option value="216 Flower St Costa Mesa CA 92627">216 Flower St Costa Mesa CA 92627</option>
        <option value="701 Delaware St Huntington Beach CA 92648">701 Delaware St Huntington Beach CA 92648</option>
        <option value="517 17th St Huntington Beach CA 92648">517 17th St Huntington Beach CA 92648</option>
        <option value="3 Heather Hill Ln Laguna Hills CA 92653">3 Heather Hill Ln Laguna Hills CA 92653</option>
        <option value="12 Halsey Ave Laguna Niguel CA 92677">12 Halsey Ave Laguna Niguel CA 92677</option>
        <option value="8921 Pinehurst Cir Westminster CA 92683">8921 Pinehurst Cir Westminster CA 92683</option>
        <option value="26462 Ave Deseo Mission Viejo CA 92691">26462 Ave Deseo Mission Viejo CA 92691</option>
        <option value="4329 W 5th St Santa Ana CA 92703">4329 W 5th St Santa Ana CA 92703</option>
        <option value="3730 S Sycamore St Santa Ana CA 92707">3730 S Sycamore St Santa Ana CA 92707</option>
        <option value="10779 Los Jardines E Fountain Valley CA 92708">10779 Los Jardines E Fountain Valley CA 92708</option>
        <option value="378 W Summerfield Cir Anaheim CA 92802">378 W Summerfield Cir Anaheim CA 92802</option>
        <option value="543 N Broadmoor Trail Orange CA 92869">543 N Broadmoor Trail Orange CA 92869</option>
        <option value="7266 Citrus Valley Ave Corona CA 92880">7266 Citrus Valley Ave Corona CA 92880</option>
        <option value="20680 Mirkwood Run Yorba Linda CA 92886">20680 Mirkwood Run Yorba Linda CA 92886</option>
        <option value="5885 Paseo De La Cumbre Yorba Linda CA 92887">5885 Paseo De La Cumbre Yorba Linda CA 92887</option>
        <option value="4915 Shoreline Way Oxnard CA 93035">4915 Shoreline Way Oxnard CA 93035</option>
        <option value="741 Ensign Pl Oxnard CA 93035">741 Ensign Pl Oxnard CA 93035</option>
        <option value="2155 Mariposa St Oxnard CA 93036">2155 Mariposa St Oxnard CA 93036</option>
        <option value="2121 Clancy Ct Simi Valley CA 93065">2121 Clancy Ct Simi Valley CA 93065</option>
        <option value="3736 Dixon St Santa Barbara CA 93105">3736 Dixon St Santa Barbara CA 93105</option>
        <option value="242 Palomar Ave Pismo Beach CA 93449">242 Palomar Ave Pismo Beach CA 93449</option>
        <option value="19736 87th St California City CA 93505">19736 87th St California City CA 93505</option>
        <option value="8124 Jacaranda Ave California City CA 93505">8124 Jacaranda Ave California City CA 93505</option>
        <option value="40222 Ronar St Palmdale CA 93591">40222 Ronar St Palmdale CA 93591</option>
        <option value="6118 Greenwood Ave Clovis CA 93619">6118 Greenwood Ave Clovis CA 93619</option>
        <option value="6589 E Michigan Ave Fresno CA 93727">6589 E Michigan Ave Fresno CA 93727</option>
        <option value="13626 Tierra Spur Salinas CA 93908">13626 Tierra Spur Salinas CA 93908</option>
        <option value="19565 Redding Dr Salinas CA 93908">19565 Redding Dr Salinas CA 93908</option>
        <option value="125 A Street South San Francisco CA 94080">125 A Street South San Francisco CA 94080</option>
        <option value="3738 Carter Drive South San Francisco CA 94080">3738 Carter Drive South San Francisco CA 94080</option>
        <option value="558 Carlisle Way Sunnyvale CA 94087">558 Carlisle Way Sunnyvale CA 94087</option>
        <option value="1548 15th St San Francisco CA 94103">1548 15th St San Francisco CA 94103</option>
        <option value="883 Indiana St San Francisco CA 94107">883 Indiana St San Francisco CA 94107</option>
        <option value="853 Niagara Ave San Francisco CA 94112">853 Niagara Ave San Francisco CA 94112</option>
        <option value="1880 Steiner St #102 San Francisco CA 94115">1880 Steiner St #102 San Francisco CA 94115</option>
        <option value="2219 40th Ave San Francisco CA 94116">2219 40th Ave San Francisco CA 94116</option>
        <option value="2724 Baker St San Francisco CA 94123">2724 Baker St San Francisco CA 94123</option>
        <option value="1121 Tuolumne Ln #55 Palo Alto CA 94303">1121 Tuolumne Ln #55 Palo Alto CA 94303</option>
        <option value="1216 Norton St San Mateo CA 94401">1216 Norton St San Mateo CA 94401</option>
        <option value="640 Pegasus Lane Foster City CA 94404">640 Pegasus Lane Foster City CA 94404</option>
        <option value="906 Virgo Lane Foster City CA 94404">906 Virgo Lane Foster City CA 94404</option>
        <option value="2204 Barcelona Ct Brentwood CA 94513">2204 Barcelona Ct Brentwood CA 94513</option>
        <option value="64 Baylor Ln Pleasant Hill CA 94523">64 Baylor Ln Pleasant Hill CA 94523</option>
        <option value="734 Pomona Ave El Cerrito CA 94530">734 Pomona Ave El Cerrito CA 94530</option>
        <option value="4441 Mare Ct Antioch CA 94531">4441 Mare Ct Antioch CA 94531</option>
        <option value="4654 Arabian Way Antioch CA 94531">4654 Arabian Way Antioch CA 94531</option>
        <option value="45572 Cherokee Ln Fremont CA 94539">45572 Cherokee Ln Fremont CA 94539</option>
        <option value="1860 Meadow Glen Dr Livermore CA 94551">1860 Meadow Glen Dr Livermore CA 94551</option>
        <option value="7356 Carter Avenue Newark CA 94560">7356 Carter Avenue Newark CA 94560</option>
        <option value="5554 Chapman Dr Newark CA 94560">5554 Chapman Dr Newark CA 94560</option>
        <option value="222 Cloverbrook Cir Pittsburg CA 94565">222 Cloverbrook Cir Pittsburg CA 94565</option>
        <option value="210 Oakham Ct San Ramon CA 94583">210 Oakham Ct San Ramon CA 94583</option>
        <option value="1808 Illinois St Vallejo CA 94590">1808 Illinois St Vallejo CA 94590</option>
        <option value="3233 Eccleston Ave Walnut Creek CA 94597">3233 Eccleston Ave Walnut Creek CA 94597</option>
        <option value="1419 Mountain Blvd Oakland CA 94611">1419 Mountain Blvd Oakland CA 94611</option>
        <option value="454 Hudson St Oakland CA 94618">454 Hudson St Oakland CA 94618</option>
        <option value="472 Kentucky Ave Berkeley CA 94707">472 Kentucky Ave Berkeley CA 94707</option>
        <option value="2501 Rose Walk Berkeley CA 94708">2501 Rose Walk Berkeley CA 94708</option>
        <option value="2016 Vine St Berkeley CA 94709">2016 Vine St Berkeley CA 94709</option>
        <option value="518 Selmart Ln Petaluma CA 94954">518 Selmart Ln Petaluma CA 94954</option>
        <option value="510 Selmart Ln Petaluma CA 94954">510 Selmart Ln Petaluma CA 94954</option>
        <option value="353 Coates Dr Aptos CA 95003">353 Coates Dr Aptos CA 95003</option>
        <option value="10218 Cold Harbor Ave Cupertino CA 95014">10218 Cold Harbor Ave Cupertino CA 95014</option>
        <option value="1640 Rucker Ave Gilroy CA 95020">1640 Rucker Ave Gilroy CA 95020</option>
        <option value="1685 Hyde Dr Los Gatos CA 95032">1685 Hyde Dr Los Gatos CA 95032</option>
        <option value="105 Sylvar Street Santa Cruz CA 95060">105 Sylvar Street Santa Cruz CA 95060</option>
        <option value="111 Bean Creek Rd Scotts Valley CA 95066">111 Bean Creek Rd Scotts Valley CA 95066</option>
        <option value="825 Alfadel Ln Soquel CA 95073">825 Alfadel Ln Soquel CA 95073</option>
        <option value="3431 Chemin De Riviere San Jose CA 95148">3431 Chemin De Riviere San Jose CA 95148</option>
        <option value="706 E Robinhood Dr Stockton CA 95207">706 E Robinhood Dr Stockton CA 95207</option>
        <option value="2004 Winton Ave Modesto CA 95350">2004 Winton Ave Modesto CA 95350</option>
        <option value="1445 Wood Creek Dr Patterson CA 95363">1445 Wood Creek Dr Patterson CA 95363</option>
        <option value="1700 Romeo Ln Turlock CA 95380">1700 Romeo Ln Turlock CA 95380</option>
        <option value="1700 Romeo Lane Turlock CA 95380">1700 Romeo Lane Turlock CA 95380</option>
        <option value="2080 Walker Ave McKinleyville CA 95519">2080 Walker Ave McKinleyville CA 95519</option>
        <option value="8123 Sunrise Blvd #123 Citrus Heights CA 95610">8123 Sunrise Blvd #123 Citrus Heights CA 95610</option>
        <option value="119 American River Canyon Dr Folsom CA 95630">119 American River Canyon Dr Folsom CA 95630</option>
        <option value="254 Wales Dr Folsom CA 95630">254 Wales Dr Folsom CA 95630</option>
        <option value="1495 Barn Valley Ln Lincoln CA 95648">1495 Barn Valley Ln Lincoln CA 95648</option>
        <option value="3838 Winona Way North Highlands CA 95660">3838 Winona Way North Highlands CA 95660</option>
        <option value="9156 Cortina Cir #232 Roseville CA 95678">9156 Cortina Cir #232 Roseville CA 95678</option>
        <option value="9420 Montevideo Dr Wilton CA 95693">9420 Montevideo Dr Wilton CA 95693</option>
        <option value="201 Bent Tree Ct Roseville CA 95747">201 Bent Tree Ct Roseville CA 95747</option>
        <option value="4632 T St Sacramento CA 95819">4632 T St Sacramento CA 95819</option>
        <option value="4136 Stowe Way Sacramento CA 95864">4136 Stowe Way Sacramento CA 95864</option>
        <option value="144 W Frances Willard Ave Chico CA 95926">144 W Frances Willard Ave Chico CA 95926</option>
        <option value="2063 Danforth Way Plumas Lake CA 95961">2063 Danforth Way Plumas Lake CA 95961</option>
      </div>

      <div id="CO" class="state_group">
        <option value="8734 Chase Dr Arvada CO 80003">8734 Chase Dr Arvada CO 80003</option>
        <option value="15454 W 67th Ave Arvada CO 80007">15454 W 67th Ave Arvada CO 80007</option>
        <option value="4243 S Halifax Way Aurora CO 80013">4243 S Halifax Way Aurora CO 80013</option>
        <option value="17384 E Weaver Dr Aurora CO 80016">17384 E Weaver Dr Aurora CO 80016</option>
        <option value="7041 S Franklin St Centennial CO 80122">7041 S Franklin St Centennial CO 80122</option>
        <option value="5454 S Taft Ct Littleton CO 80127">5454 S Taft Ct Littleton CO 80127</option>
        <option value="90 S Jersey St Denver CO 80224">90 S Jersey St Denver CO 80224</option>
        <option value="11817 Keough Dr Northglenn CO 80233">11817 Keough Dr Northglenn CO 80233</option>
        <option value="893 Logan Mill Rd Boulder CO 80302">893 Logan Mill Rd Boulder CO 80302</option>
        <option value="39 Texas Dr, Arapaho National Forest Idaho Springs CO 80452">39 Texas Dr, Arapaho National Forest Idaho Springs CO 80452</option>
        <option value="315 E Prospect Rd Fort Collins CO 80525">315 E Prospect Rd Fort Collins CO 80525</option>
        <option value="628 E Fountain Blvd Colorado Springs CO 80903">628 E Fountain Blvd Colorado Springs CO 80903</option>
        <option value="628 East Fountain Boulevard Colorado Springs CO 80903">628 East Fountain Boulevard Colorado Springs CO 80903</option>
      </div>

      <div id="CT" class="state_group">
        <option value="19 Eleanor Pl Newington CT 06111">19 Eleanor Pl Newington CT 06111</option>
        <option value="1337 Baldwin Hill Rd Gales Ferry CT 06335">1337 Baldwin Hill Rd Gales Ferry CT 06335</option>
        <option value="Higganum Skinner Rd Higganum CT 06441">Higganum Skinner Rd Higganum CT 06441</option>
        <option value="57 Skyline Dr Southbury CT 06488">57 Skyline Dr Southbury CT 06488</option>
        <option value="42 N Lake Dr Hamden CT 06517">42 N Lake Dr Hamden CT 06517</option>
        <option value="2445 Park Ave #27 Bridgeport CT 06604">2445 Park Ave #27 Bridgeport CT 06604</option>
        <option value="2675 Park Ave #27 Bridgeport CT 06604">2675 Park Ave #27 Bridgeport CT 06604</option>
        <option value="3300 Park Ave #27 Bridgeport CT 06604">3300 Park Ave #27 Bridgeport CT 06604</option>
        <option value="21 Nelson St Torrington CT 06790">21 Nelson St Torrington CT 06790</option>
        <option value="25 Hillside Ave Darien CT 06820">25 Hillside Ave Darien CT 06820</option>
        <option value="2 Ridgewood Rd Ridgefield CT 06877">2 Ridgewood Rd Ridgefield CT 06877</option>
      </div>

      <div id="DC" class="state_group">
        <option value="1711 Massachusetts Ave NW Washington DC 20036">1711 Massachusetts Ave NW Washington DC 20036</option>
      </div>

      <div id="FL" class="state_group">
        <option value="1531 Southwest 87th Way Pembroke Pines FL">1531 Southwest 87th Way Pembroke Pines FL</option>
        <option value="11 Rachel Ct St Augustine FL 32080">11 Rachel Ct St Augustine FL 32080</option>
        <option value="1305 Sunset Blvd Daytona Beach FL 32117">1305 Sunset Blvd Daytona Beach FL 32117</option>
        <option value="21 Pine Harbor Dr Palm Coast FL 32137">21 Pine Harbor Dr Palm Coast FL 32137</option>
        <option value="318 Griffin View Dr Lady Lake FL 32159">318 Griffin View Dr Lady Lake FL 32159</option>
        <option value="6 Oak Knoll Way Ormond Beach FL 32174">6 Oak Knoll Way Ormond Beach FL 32174</option>
        <option value="2929 Rockford Falls Dr N Jacksonville FL 32224">2929 Rockford Falls Dr N Jacksonville FL 32224</option>
        <option value="192 Lake Cunningham Ave Jacksonville FL 32259">192 Lake Cunningham Ave Jacksonville FL 32259</option>
        <option value="16078 Innerarity Point Road Pensacola FL 32507">16078 Innerarity Point Road Pensacola FL 32507</option>
        <option value="127 Bermuda Cir Niceville FL 32578">127 Bermuda Cir Niceville FL 32578</option>
        <option value="129 Bermuda Cir Niceville FL 32578">129 Bermuda Cir Niceville FL 32578</option>
        <option value="628 N Delaware Ave DeLand FL 32720">628 N Delaware Ave DeLand FL 32720</option>
        <option value="565 Lamon St Palm Bay FL 32908">565 Lamon St Palm Bay FL 32908</option>
        <option value="3223 Topsey Avenue Southeast Palm Bay FL 32909">3223 Topsey Avenue Southeast Palm Bay FL 32909</option>
        <option value="674 25th Street Southwest Vero Beach FL 32962">674 25th Street Southwest Vero Beach FL 32962</option>
        <option value="1217 W Island Club Square Vero Beach FL 32963">1217 W Island Club Square Vero Beach FL 32963</option>
        <option value="8346 NW 39th Ct Hollywood FL 33024">8346 NW 39th Ct Hollywood FL 33024</option>
        <option value="396 Northwest 17th Street Homestead FL 33030">396 Northwest 17th Street Homestead FL 33030</option>
        <option value="1436 Northeast 40th Road Homestead FL 33033">1436 Northeast 40th Road Homestead FL 33033</option>
        <option value="762 Southwest 7th Terrace Homestead FL 33034">762 Southwest 7th Terrace Homestead FL 33034</option>
        <option value="3350 Northwest 22nd Drive Coconut Creek FL 33066">3350 Northwest 22nd Drive Coconut Creek FL 33066</option>
        <option value="1310 SW 74th Ave North Lauderdale FL 33068">1310 SW 74th Ave North Lauderdale FL 33068</option>
        <option value="6433 Northwest 102nd Terrace Parkland FL 33076">6433 Northwest 102nd Terrace Parkland FL 33076</option>
        <option value="227 Michigan Ave Miami Beach FL 33139">227 Michigan Ave Miami Beach FL 33139</option>
        <option value="2829 Indian Creek Dr Miami Beach FL 33140">2829 Indian Creek Dr Miami Beach FL 33140</option>
        <option value="1760 Northwest 85th Street West Little River FL 33147">1760 Northwest 85th Street West Little River FL 33147</option>
        <option value="13550 Southwest 177th Terrace Miami FL 33177">13550 Southwest 177th Terrace Miami FL 33177</option>
        <option value="9830 Nicaragua Dr Cutler Bay FL 33189">9830 Nicaragua Dr Cutler Bay FL 33189</option>
        <option value="1811 Northeast 42nd Street Oakland Park FL 33308">1811 Northeast 42nd Street Oakland Park FL 33308</option>
        <option value="1811 Coral Heights Blvd #507 Oakland Park FL 33308">1811 Coral Heights Blvd #507 Oakland Park FL 33308</option>
        <option value="1811 Northeast 43rd Street Oakland Park FL 33308">1811 Northeast 43rd Street Oakland Park FL 33308</option>
        <option value="1811 Northeast 41st Street Oakland Park FL 33308">1811 Northeast 41st Street Oakland Park FL 33308</option>
        <option value="1811 Northeast 65th Street Fort Lauderdale FL 33308">1811 Northeast 65th Street Fort Lauderdale FL 33308</option>
        <option value="3231 Northwest 13th Court Fort Lauderdale FL 33311">3231 Northwest 13th Court Fort Lauderdale FL 33311</option>
        <option value="1704 Southwest 9th Street Fort Lauderdale FL 33312">1704 Southwest 9th Street Fort Lauderdale FL 33312</option>
        <option value="12021 Northwest 34th Place Sunrise FL 33323">12021 Northwest 34th Place Sunrise FL 33323</option>
        <option value="1409 Camellia Cir Weston FL 33326">1409 Camellia Cir Weston FL 33326</option>
        <option value="4390 Foxtail Ln Weston FL 33331">4390 Foxtail Ln Weston FL 33331</option>
        <option value="1648 Northeast 47th Street Oakland Park FL 33334">1648 Northeast 47th Street Oakland Park FL 33334</option>
        <option value="3127 Northwest 86th Avenue Sunrise FL 33351">3127 Northwest 86th Avenue Sunrise FL 33351</option>
        <option value="236 Alpine Rd West Palm Beach FL 33405">236 Alpine Rd West Palm Beach FL 33405</option>
        <option value="l205, 3190 Leewood Terrace Boca Raton FL 33431">l205, 3190 Leewood Terrace Boca Raton FL 33431</option>
        <option value="219 N Latitude Cir Delray Beach FL 33483">219 N Latitude Cir Delray Beach FL 33483</option>
        <option value="2409 Prairie Pl Lutz FL 33549">2409 Prairie Pl Lutz FL 33549</option>
        <option value="18390 Wayne Rd Odessa FL 33556">18390 Wayne Rd Odessa FL 33556</option>
        <option value="10405 Crestfield Dr Riverview FL 33569">10405 Crestfield Dr Riverview FL 33569</option>
        <option value="13105 Graham Yarden Dr Riverview FL 33579">13105 Graham Yarden Dr Riverview FL 33579</option>
        <option value="6825 10th Ave N St Petersburg FL 33710">6825 10th Ave N St Petersburg FL 33710</option>
        <option value="561 Vallance Way Northeast St. Petersburg FL 33716">561 Vallance Way Northeast St. Petersburg FL 33716</option>
        <option value="1402 Sunset Dr Clearwater FL 33755">1402 Sunset Dr Clearwater FL 33755</option>
        <option value="14001 Shimmering Lake Ct Fort Myers FL 33907">14001 Shimmering Lake Ct Fort Myers FL 33907</option>
        <option value="3603 2nd Street Southwest Lehigh Acres FL 33976">3603 2nd Street Southwest Lehigh Acres FL 33976</option>
        <option value="3807 59th Ave Cir E Ellenton FL 34222">3807 59th Ave Cir E Ellenton FL 34222</option>
        <option value="1235 Yacht Harbor Dr Osprey FL 34229">1235 Yacht Harbor Dr Osprey FL 34229</option>
        <option value="12805 5th Isle Hudson FL 34667">12805 5th Isle Hudson FL 34667</option>
        <option value="408 S 24th St Fort Pierce FL 34950">408 S 24th St Fort Pierce FL 34950</option>
        <option value="7604 Santa Clara Boulevard Fort Pierce FL 34951">7604 Santa Clara Boulevard Fort Pierce FL 34951</option>
      </div>

      <div id="GA" class="state_group">
        <option value="2710 Dresden Dr Chamblee GA">2710 Dresden Dr Chamblee GA</option>
        <option value="3855 Creekview Drive Northeast Marietta GA">3855 Creekview Drive Northeast Marietta GA</option>
        <option value="25 Ivy Dr Covington GA 30016">25 Ivy Dr Covington GA 30016</option>
        <option value="3595 Ansley Park Dr Suwanee GA 30024">3595 Ansley Park Dr Suwanee GA 30024</option>
        <option value="466 Chevelle Ln Decatur GA 30030">466 Chevelle Ln Decatur GA 30030</option>
        <option value="4113 Deerbrook Way Lilburn GA 30047">4113 Deerbrook Way Lilburn GA 30047</option>
        <option value="Sydney Ln Marietta GA 30066">Sydney Ln Marietta GA 30066</option>
        <option value="3855 Creekview Drive Northeast Marietta GA 30068">3855 Creekview Drive Northeast Marietta GA 30068</option>
        <option value="761 Summit Terrace Marietta GA 30068">761 Summit Terrace Marietta GA 30068</option>
        <option value="2659 Spring Dr Smyrna GA 30080">2659 Spring Dr Smyrna GA 30080</option>
        <option value="1781 May Glen Drive Northwest Acworth GA 30102">1781 May Glen Drive Northwest Acworth GA 30102</option>
        <option value="1106 Woodfall Ct Woodstock GA 30189">1106 Woodfall Ct Woodstock GA 30189</option>
        <option value="5974 Waggoner Ct Rex GA 30273">5974 Waggoner Ct Rex GA 30273</option>
        <option value="985 Barnett Street Northeast Atlanta GA 30306">985 Barnett Street Northeast Atlanta GA 30306</option>
        <option value="2485 Cove Circle Northeast Atlanta GA 30319">2485 Cove Circle Northeast Atlanta GA 30319</option>
        <option value="2850 Winterhaven Ct Atlanta GA 30360">2850 Winterhaven Ct Atlanta GA 30360</option>
        <option value="2826 Winterhaven Ct Atlanta GA 30360">2826 Winterhaven Ct Atlanta GA 30360</option>
        <option value="1035 Barnett Shoals Rd Athens GA 30605">1035 Barnett Shoals Rd Athens GA 30605</option>
        <option value="907 Lakeside Dr Valdosta GA 31602">907 Lakeside Dr Valdosta GA 31602</option>
        <option value="1520 McLeod Rd Valdosta GA 31602">1520 McLeod Rd Valdosta GA 31602</option>
      </div>

      <div id="HI" class="state_group">
        <option value="2667 Puninoni St Wahiawa HI 96786">2667 Puninoni St Wahiawa HI 96786</option>
      </div>

      <div id="IA" class="state_group">
        <option value="709 8th Street Place Southeast Altoona IA 50009">709 8th Street Place Southeast Altoona IA 50009</option>
        <option value="5790 Northeast 27th Avenue Altoona IA 50009">5790 Northeast 27th Avenue Altoona IA 50009</option>
        <option value="1642 Prairie Cir Altoona IA 50009">1642 Prairie Cir Altoona IA 50009</option>
        <option value="5017 Northeast Trilein Drive Ankeny IA 50021">5017 Northeast Trilein Drive Ankeny IA 50021</option>
        <option value="830 Northeast 5th Street Ankeny IA 50021">830 Northeast 5th Street Ankeny IA 50021</option>
        <option value="915 Southeast Kensington Road Ankeny IA 50021">915 Southeast Kensington Road Ankeny IA 50021</option>
        <option value="3616 Northeast Cottonwood Lane #3616 Ankeny IA 50021">3616 Northeast Cottonwood Lane #3616 Ankeny IA 50021</option>
        <option value="902 E 1st St Ankeny IA 50021">902 E 1st St Ankeny IA 50021</option>
        <option value="214 Northeast Grant Street Ankeny IA 50021">214 Northeast Grant Street Ankeny IA 50021</option>
        <option value="1403 Southeast Michael Drive Ankeny IA 50021">1403 Southeast Michael Drive Ankeny IA 50021</option>
        <option value="1109 Southeast Sharon Drive Ankeny IA 50021">1109 Southeast Sharon Drive Ankeny IA 50021</option>
        <option value="1012 Southeast Rene Street Ankeny IA 50021">1012 Southeast Rene Street Ankeny IA 50021</option>
        <option value="1110 Southeast Belmont Drive Ankeny IA 50021">1110 Southeast Belmont Drive Ankeny IA 50021</option>
        <option value="301 Southeast Springwood Drive Ankeny IA 50021">301 Southeast Springwood Drive Ankeny IA 50021</option>
        <option value="3207 Southeast 20th Street Ankeny IA 50021">3207 Southeast 20th Street Ankeny IA 50021</option>
        <option value="312 Southwest Carriage Drive Ankeny IA 50023">312 Southwest Carriage Drive Ankeny IA 50023</option>
        <option value="2423 Northwest Ashland Parkway Ankeny IA 50023">2423 Northwest Ashland Parkway Ankeny IA 50023</option>
        <option value="2403 Northwest Ashland Parkway Ankeny IA 50023">2403 Northwest Ashland Parkway Ankeny IA 50023</option>
        <option value="2319 Northwest Ashland Parkway Ankeny IA 50023">2319 Northwest Ashland Parkway Ankeny IA 50023</option>
        <option value="217 Northwest College Avenue Ankeny IA 50023">217 Northwest College Avenue Ankeny IA 50023</option>
        <option value="1110 Northwest Ashland Court Ankeny IA 50023">1110 Northwest Ashland Court Ankeny IA 50023</option>
        <option value="2014 Northwest Hickory Lane Ankeny IA 50023">2014 Northwest Hickory Lane Ankeny IA 50023</option>
        <option value="213 Southwest Carriage Drive Ankeny IA 50023">213 Southwest Carriage Drive Ankeny IA 50023</option>
        <option value="206 Northwest College Avenue Ankeny IA 50023">206 Northwest College Avenue Ankeny IA 50023</option>
        <option value="221 Southwest Carriage Drive Ankeny IA 50023">221 Southwest Carriage Drive Ankeny IA 50023</option>
        <option value="1314 Southwest 5th Street Ankeny IA 50023">1314 Southwest 5th Street Ankeny IA 50023</option>
        <option value="502 Southwest 46th Street Ankeny IA 50023">502 Southwest 46th Street Ankeny IA 50023</option>
        <option value="2610 Southwest 35th Street Ankeny IA 50023">2610 Southwest 35th Street Ankeny IA 50023</option>
        <option value="3425 Southwest 29th Street Ankeny IA 50023">3425 Southwest 29th Street Ankeny IA 50023</option>
        <option value="521 Northwest State Street Ankeny IA 50023">521 Northwest State Street Ankeny IA 50023</option>
        <option value="106 Southwest 36th Lane Ankeny IA 50023">106 Southwest 36th Lane Ankeny IA 50023</option>
        <option value="3016 SW White Birch Dr Ankeny IA 50023">3016 SW White Birch Dr Ankeny IA 50023</option>
        <option value="3002 Southwest Meadow Ridge Drive Ankeny IA 50023">3002 Southwest Meadow Ridge Drive Ankeny IA 50023</option>
        <option value="2044 Southwest 35th Street Ankeny IA 50023">2044 Southwest 35th Street Ankeny IA 50023</option>
        <option value="1321 Southwest 5th Street Ankeny IA 50023">1321 Southwest 5th Street Ankeny IA 50023</option>
        <option value="913 Southwest 2nd Street Place Ankeny IA 50023">913 Southwest 2nd Street Place Ankeny IA 50023</option>
        <option value="3007 Butternut Ct Ankeny IA 50023">3007 Butternut Ct Ankeny IA 50023</option>
        <option value="102 Arch Avenue Southeast Mitchellville IA 50169">102 Arch Avenue Southeast Mitchellville IA 50169</option>
        <option value="641 20th St West Des Moines IA 50265">641 20th St West Des Moines IA 50265</option>
        <option value="525 2nd St West Des Moines IA 50265">525 2nd St West Des Moines IA 50265</option>
        <option value="1275 S 52nd St #701 West Des Moines IA 50265">1275 S 52nd St #701 West Des Moines IA 50265</option>
        <option value="4032 Manor Ln Des Moines IA 50310">4032 Manor Ln Des Moines IA 50310</option>
        <option value="3016 30th St Des Moines IA 50310">3016 30th St Des Moines IA 50310</option>
        <option value="3922 Sherman Blvd Des Moines IA 50310">3922 Sherman Blvd Des Moines IA 50310</option>
        <option value="4060 Northwest 46th Place Des Moines IA 50310">4060 Northwest 46th Place Des Moines IA 50310</option>
        <option value="3008 44th St Des Moines IA 50310">3008 44th St Des Moines IA 50310</option>
        <option value="1520 32nd St Des Moines IA 50311">1520 32nd St Des Moines IA 50311</option>
        <option value="1119 58th St Des Moines IA 50311">1119 58th St Des Moines IA 50311</option>
        <option value="1110 22nd St Des Moines IA 50311">1110 22nd St Des Moines IA 50311</option>
        <option value="2900 High St Des Moines IA 50312">2900 High St Des Moines IA 50312</option>
        <option value="3660 Grand Ave Des Moines IA 50312">3660 Grand Ave Des Moines IA 50312</option>
        <option value="5735 Northwest 1st Street Des Moines IA 50313">5735 Northwest 1st Street Des Moines IA 50313</option>
        <option value="5465 Northwest 4th Court Des Moines IA 50313">5465 Northwest 4th Court Des Moines IA 50313</option>
        <option value="650 18th St Des Moines IA 50314">650 18th St Des Moines IA 50314</option>
        <option value="1415 Frazier Ave Des Moines IA 50315">1415 Frazier Ave Des Moines IA 50315</option>
        <option value="27 E Broad St Des Moines IA 50315">27 E Broad St Des Moines IA 50315</option>
        <option value="706 Maxwelton Dr Des Moines IA 50315">706 Maxwelton Dr Des Moines IA 50315</option>
        <option value="1322 Geil Ave Des Moines IA 50315">1322 Geil Ave Des Moines IA 50315</option>
        <option value="5501 S Union St Des Moines IA 50315">5501 S Union St Des Moines IA 50315</option>
        <option value="1224 Highview Dr Des Moines IA 50315">1224 Highview Dr Des Moines IA 50315</option>
        <option value="600 Cutler Ave Des Moines IA 50315">600 Cutler Ave Des Moines IA 50315</option>
        <option value="1503 Elder Ln Des Moines IA 50315">1503 Elder Ln Des Moines IA 50315</option>
        <option value="4600 Wakonda Pkwy Des Moines IA 50315">4600 Wakonda Pkwy Des Moines IA 50315</option>
        <option value="2420 Southeast 5th Street Des Moines IA 50315">2420 Southeast 5th Street Des Moines IA 50315</option>
        <option value="232 E Rose Ave Des Moines IA 50315">232 E Rose Ave Des Moines IA 50315</option>
        <option value="4702 Southwest 6th Street Des Moines IA 50315">4702 Southwest 6th Street Des Moines IA 50315</option>
        <option value="1303 Amos Ave Des Moines IA 50315">1303 Amos Ave Des Moines IA 50315</option>
        <option value="1408 Havens Ave Des Moines IA 50315">1408 Havens Ave Des Moines IA 50315</option>
        <option value="3911 Southwest 9th Street Des Moines IA 50315">3911 Southwest 9th Street Des Moines IA 50315</option>
        <option value="233 Bell Ave Des Moines IA 50315">233 Bell Ave Des Moines IA 50315</option>
        <option value="918 Rose Ave Des Moines IA 50315">918 Rose Ave Des Moines IA 50315</option>
        <option value="2423 E 13th St Des Moines IA 50316">2423 E 13th St Des Moines IA 50316</option>
        <option value="922 E Ovid Ave Des Moines IA 50316">922 E Ovid Ave Des Moines IA 50316</option>
        <option value="2507 E 16th St Des Moines IA 50316">2507 E 16th St Des Moines IA 50316</option>
        <option value="4132 E 24th Ct Des Moines IA 50317">4132 E 24th Ct Des Moines IA 50317</option>
        <option value="3300 E 36th Ct Des Moines IA 50317">3300 E 36th Ct Des Moines IA 50317</option>
        <option value="1253 E 33rd Ct Des Moines IA 50317">1253 E 33rd Ct Des Moines IA 50317</option>
        <option value="2300 E 25th St Des Moines IA 50317">2300 E 25th St Des Moines IA 50317</option>
        <option value="2347 E 40th Ct Des Moines IA 50317">2347 E 40th Ct Des Moines IA 50317</option>
        <option value="4790 Northeast 39th Avenue Des Moines IA 50317">4790 Northeast 39th Avenue Des Moines IA 50317</option>
        <option value="1505 E 33rd St Des Moines IA 50317">1505 E 33rd St Des Moines IA 50317</option>
        <option value="3200 E 41st St Des Moines IA 50317">3200 E 41st St Des Moines IA 50317</option>
        <option value="2013 E 40th St Des Moines IA 50317">2013 E 40th St Des Moines IA 50317</option>
        <option value="6001 Creston Ave Des Moines IA 50321">6001 Creston Ave Des Moines IA 50321</option>
        <option value="4633 84th St #7 Urbandale IA 50322">4633 84th St #7 Urbandale IA 50322</option>
        <option value="4504 65th St Urbandale IA 50322">4504 65th St Urbandale IA 50322</option>
        <option value="5912 Snyder Ave Des Moines IA 50322">5912 Snyder Ave Des Moines IA 50322</option>
        <option value="1234 5th St Jesup IA 50648">1234 5th St Jesup IA 50648</option>
      </div>

      <div id="IL" class="state_group">
        <option value="1706 Coach Dr Naperville IL">1706 Coach Dr Naperville IL</option>
        <option value="738 Blazing Star Trail Cary IL 60013">738 Blazing Star Trail Cary IL 60013</option>
        <option value="1256 Williamsburg Ln Crystal Lake IL 60014">1256 Williamsburg Ln Crystal Lake IL 60014</option>
        <option value="193 Highland Rd Grayslake IL 60030">193 Highland Rd Grayslake IL 60030</option>
        <option value="505 Ashford Ln Grayslake IL 60030">505 Ashford Ln Grayslake IL 60030</option>
        <option value="8600 Waukegan Road Morton Grove IL 60053">8600 Waukegan Road Morton Grove IL 60053</option>
        <option value="5347 Wright Terrace Skokie IL 60077">5347 Wright Terrace Skokie IL 60077</option>
        <option value="1410 Rose Blvd Buffalo Grove IL 60089">1410 Rose Blvd Buffalo Grove IL 60089</option>
        <option value="5335 Decker Dr Kirkland IL 60146">5335 Decker Dr Kirkland IL 60146</option>
        <option value="264 Lynn Ln Chicago Heights IL 60411">264 Lynn Ln Chicago Heights IL 60411</option>
        <option value="13806 Lawler Ave Crestwood IL 60445">13806 Lawler Ave Crestwood IL 60445</option>
        <option value="18831 Maple Ave Country Club Hills IL 60478">18831 Maple Ave Country Club Hills IL 60478</option>
        <option value="1234 5th St Aurora IL 60505">1234 5th St Aurora IL 60505</option>
        <option value="33 Golf Ave Clarendon Hills IL 60514">33 Golf Ave Clarendon Hills IL 60514</option>
        <option value="7621 Blackberry Ln Willowbrook IL 60527">7621 Blackberry Ln Willowbrook IL 60527</option>
        <option value="917 Jaipur Ave Naperville IL 60540">917 Jaipur Ave Naperville IL 60540</option>
        <option value="5035 W 64th Pl Chicago IL 60638">5035 W 64th Pl Chicago IL 60638</option>
        <option value="4850 N Clark St Chicago IL 60640">4850 N Clark St Chicago IL 60640</option>
        <option value="1400 W Elmdale Ave #3 Chicago IL 60660">1400 W Elmdale Ave #3 Chicago IL 60660</option>
        <option value="2014 N Main St East Peoria IL 61611">2014 N Main St East Peoria IL 61611</option>
        <option value="1007 W Main St Urbana IL 61801">1007 W Main St Urbana IL 61801</option>
      </div>

      <div id="IN" class="state_group">
        <option value="639 E Dudley Ave Indianapolis IN">639 E Dudley Ave Indianapolis IN</option>
        <option value="9413 Helmsdale Dr Indianapolis IN 46256">9413 Helmsdale Dr Indianapolis IN 46256</option>
        <option value="9403 Helmsdale Dr Indianapolis IN 46256">9403 Helmsdale Dr Indianapolis IN 46256</option>
        <option value="203 E Valparaiso St Westville IN 46391">203 E Valparaiso St Westville IN 46391</option>
        <option value="9513 Ledgewood Ct Fort Wayne IN 46804">9513 Ledgewood Ct Fort Wayne IN 46804</option>
        <option value="4438 W Lafayette Esplanade Fort Wayne IN 46806">4438 W Lafayette Esplanade Fort Wayne IN 46806</option>
        <option value="2031 Maples Rd Fort Wayne IN 46816">2031 Maples Rd Fort Wayne IN 46816</option>
        <option value="6707 Mystic Woods Pl Fort Wayne IN 46835">6707 Mystic Woods Pl Fort Wayne IN 46835</option>
      </div>

      <div id="KS" class="state_group">
        <option value="12490 Quivira Rd Overland Park KS 66213">12490 Quivira Rd Overland Park KS 66213</option>
      </div>

      <div id="KY" class="state_group">
        <option value="1515 Goddard Ave Louisville KY 40204">1515 Goddard Ave Louisville KY 40204</option>
      </div>


      <div id="LA" class="state_group">
        <option value="1828 Myrtledale Ave Baton Rouge LA 70808">1828 Myrtledale Ave Baton Rouge LA 70808</option>
        <option value="1605 S Barnett Springs St Ruston LA 71270">1605 S Barnett Springs St Ruston LA 71270</option>
      </div>

      <div id="MA" class="state_group">
        <option value="33 Zamora St Jamaica Plain MA">33 Zamora St Jamaica Plain MA</option>
        <option value="48 Marywood St Uxbridge MA 01569">48 Marywood St Uxbridge MA 01569</option>
        <option value="33 Crestwood Ln Billerica MA 01821">33 Crestwood Ln Billerica MA 01821</option>
        <option value="22 Cleek Ct North Reading MA 01864">22 Cleek Ct North Reading MA 01864</option>
        <option value="18 Union Park Boston MA 02118">18 Union Park Boston MA 02118</option>
        <option value="89 Maverick St Boston MA 02128">89 Maverick St Boston MA 02128</option>
        <option value="232 Jamaicaway Jamaica Plain MA 02130">232 Jamaicaway Jamaica Plain MA 02130</option>
        <option value="114 Strathmore Rd Boston MA 02135">114 Strathmore Rd Boston MA 02135</option>
        <option value="114 Strathmore Rd #402 Boston MA 02135">114 Strathmore Rd #402 Boston MA 02135</option>
        <option value="26 Brookford St Cambridge MA 02140">26 Brookford St Cambridge MA 02140</option>
        <option value="57 Bristol St #57 Cambridge MA 02141">57 Bristol St #57 Cambridge MA 02141</option>
        <option value="65 Cottage St #1 Melrose MA 02176">65 Cottage St #1 Melrose MA 02176</option>
        <option value="333 Lee St Brookline MA 02445">333 Lee St Brookline MA 02445</option>
        <option value="197 Kent St #2 Brookline MA 02446">197 Kent St #2 Brookline MA 02446</option>
        <option value="171 Mystic St Arlington MA 02474">171 Mystic St Arlington MA 02474</option>
        <option value="20 Howland Rd Sandwich MA 02649">20 Howland Rd Sandwich MA 02649</option>
        <option value="56 Wing Blvd W Sandwich MA 02649">56 Wing Blvd W Sandwich MA 02649</option>
      </div>

      <div id="MD" class="state_group">
        <option value="321 Derek St Upper Marlboro MD 20774">321 Derek St Upper Marlboro MD 20774</option>
        <option value="19000 New Hampshire Ave Brinklow MD 20862">19000 New Hampshire Ave Brinklow MD 20862</option>
        <option value="116 Ridgepoint Pl Gaithersburg MD 20878">116 Ridgepoint Pl Gaithersburg MD 20878</option>
        <option value="330 Inspiration Ln Gaithersburg MD 20878">330 Inspiration Ln Gaithersburg MD 20878</option>
        <option value="13315 Tamworth Ln Colesville MD 20904">13315 Tamworth Ln Colesville MD 20904</option>
        <option value="32 Huxley Cir Bel Air South MD 21009">32 Huxley Cir Bel Air South MD 21009</option>
        <option value="1331 Prospect Mill Rd Bel Air MD 21015">1331 Prospect Mill Rd Bel Air MD 21015</option>
        <option value="841 Snow Valley Ln Odenton MD 21113">841 Snow Valley Ln Odenton MD 21113</option>
        <option value="529 Poole Rd Westminster MD 21157">529 Poole Rd Westminster MD 21157</option>
        <option value="19831 Graystone Rd White Hall MD 21161">19831 Graystone Rd White Hall MD 21161</option>
        <option value="605 Marwood Rd Towson MD 21204">605 Marwood Rd Towson MD 21204</option>
        <option value="10 Longstream Ct #31 Baltimore MD 21209">10 Longstream Ct #31 Baltimore MD 21209</option>
        <option value="1015 Cord St Middle River MD 21220">1015 Cord St Middle River MD 21220</option>
        <option value="2115 Smith Ave Lansdowne-Baltimore Highlands MD 21227">2115 Smith Ave Lansdowne-Baltimore Highlands MD 21227</option>
        <option value="2527 Ebony Road Parkville MD 21234">2527 Ebony Road Parkville MD 21234</option>
      </div>

      <div id="ME" class="state_group">
        <option value="189 Lancaster Brook Rd Glenburn ME 04401">189 Lancaster Brook Rd Glenburn ME 04401</option>
      </div>


      <div id="MI" class="state_group">
        <option value="411 S Old Woodward Ave #500 Birmingham MI 48009">411 S Old Woodward Ave #500 Birmingham MI 48009</option>
        <option value="637 Gargantua Ave Clawson MI 48017">637 Gargantua Ave Clawson MI 48017</option>
        <option value="25870 Woodlore Rd Franklin MI 48025">25870 Woodlore Rd Franklin MI 48025</option>
        <option value="6350 S 29th St Scotts MI 49088">6350 S 29th St Scotts MI 49088</option>
        <option value="760 E Wedgewood Dr Muskegon MI 49445">760 E Wedgewood Dr Muskegon MI 49445</option>
        <option value="720 Kommer Court Northwest Grand Rapids MI 49504">720 Kommer Court Northwest Grand Rapids MI 49504</option>
        <option value="2605 Scenicview Dr NE Grand Rapids MI 49525">2605 Scenicview Dr NE Grand Rapids MI 49525</option>
      </div>

      <div id="MN" class="state_group">
        <option value="4279 Oakmede Ln #61d White Bear Lake MN 55110">4279 Oakmede Ln #61d White Bear Lake MN 55110</option>
        <option value="5629 Parkview Cir S E Prior Lake MN 55372">5629 Parkview Cir S E Prior Lake MN 55372</option>
        <option value="5629 Parkview Circle South E Prior Lake MN 55372">5629 Parkview Circle South E Prior Lake MN 55372</option>
        <option value="3439 41st Ave S Minneapolis MN 55406">3439 41st Ave S Minneapolis MN 55406</option>
      </div>

      <div id="MO" class="state_group">
        <option value="2607 Rycroft Ct Chesterfield MO 63017">2607 Rycroft Ct Chesterfield MO 63017</option>
        <option value="914 Gainesway Ct Florissant MO 63034">914 Gainesway Ct Florissant MO 63034</option>
        <option value="2914 Allen Avenue St. Louis MO 63104">2914 Allen Avenue St. Louis MO 63104</option>
        <option value="213 Cornelia Ave St Louis MO 63122">213 Cornelia Ave St Louis MO 63122</option>
        <option value="7232 General Sherman Ln St Louis MO 63123">7232 General Sherman Ln St Louis MO 63123</option>
        <option value="1379 Cove Ln St Louis MO 63138">1379 Cove Ln St Louis MO 63138</option>
        <option value="824 Butterfly Ln St Charles MO 63304">824 Butterfly Ln St Charles MO 63304</option>
        <option value="156 Timberidge Dr St Peters MO 63376">156 Timberidge Dr St Peters MO 63376</option>
        <option value="18121 Fall Dr Independence MO 64055">18121 Fall Dr Independence MO 64055</option>
        <option value="4315 Oak St Kansas City MO 64111">4315 Oak St Kansas City MO 64111</option>
      </div>

      <div id="MS" class="state_group">
        <option value="406 E Dewey Camp Dr Florence MS 39073">406 E Dewey Camp Dr Florence MS 39073</option>
      </div>


      <div id="NC" class="state_group">
        <option value="Holsten Bank Way Cary NC 27519">Holsten Bank Way Cary NC 27519</option>
        <option value="1101 Harvey St Raleigh NC 27608">1101 Harvey St Raleigh NC 27608</option>
        <option value="9516 Marshbrooke Rd Matthews NC 28105">9516 Marshbrooke Rd Matthews NC 28105</option>
        <option value="209 S Church St Monroe NC 28112">209 S Church St Monroe NC 28112</option>
        <option value="121 West Trade Street Charlotte NC 28202">121 West Trade Street Charlotte NC 28202</option>
        <option value="1944 Queens Rd W Charlotte NC 28207">1944 Queens Rd W Charlotte NC 28207</option>
        <option value="211 Wolverine Ct Waynesville NC 28785">211 Wolverine Ct Waynesville NC 28785</option>
      </div>

      <div id="NE" class="state_group">
        <option value="5805 Rees Street Omaha NE 68106">5805 Rees Street Omaha NE 68106</option>
      </div>

      <div id="NH" class="state_group">
        <option value="19 Hall Ave Nashua NH 03064">19 Hall Ave Nashua NH 03064</option>
        <option value="231 Comeau St Manchester NH 03102">231 Comeau St Manchester NH 03102</option>
      </div>

      <div id="NJ" class="state_group">
        <option value="256 Boulevard Mountain Lakes NJ 07046">256 Boulevard Mountain Lakes NJ 07046</option>
        <option value="178 Boulevard Mountain Lakes NJ 07046">178 Boulevard Mountain Lakes NJ 07046</option>
        <option value="8 N Cobane Terrace West Orange NJ 07052">8 N Cobane Terrace West Orange NJ 07052</option>
        <option value="18 Ridgeway Ave West Orange NJ 07052">18 Ridgeway Ave West Orange NJ 07052</option>
        <option value="22 Ridgeway Ave West Orange NJ 07052">22 Ridgeway Ave West Orange NJ 07052</option>
        <option value="50 Elycroft Pkwy Rutherford NJ 07070">50 Elycroft Pkwy Rutherford NJ 07070</option>
        <option value="115 Mercer St Jersey City NJ 07302">115 Mercer St Jersey City NJ 07302</option>
        <option value="3 Edgewater Rd Hewitt NJ 07421">3 Edgewater Rd Hewitt NJ 07421</option>
        <option value="13 Homestead Rd Hewitt NJ 07421">13 Homestead Rd Hewitt NJ 07421</option>
        <option value="13 Homestead Road Hewitt NJ 07421">13 Homestead Road Hewitt NJ 07421</option>
        <option value="12 Adams St Pompton Plains NJ 07444">12 Adams St Pompton Plains NJ 07444</option>
        <option value="100 Boulevard Glen Rock NJ 07452">100 Boulevard Glen Rock NJ 07452</option>
        <option value="36 Camden Pl West Milford NJ 07480">36 Camden Pl West Milford NJ 07480</option>
        <option value="19 Fred St Old Tappan NJ 07675">19 Fred St Old Tappan NJ 07675</option>
        <option value="62 The Enclosure Colts Neck NJ 07722">62 The Enclosure Colts Neck NJ 07722</option>
        <option value="50 The Enclosure Colts Neck NJ 07722">50 The Enclosure Colts Neck NJ 07722</option>
        <option value="25 Weldon Rd Matawan NJ 07747">25 Weldon Rd Matawan NJ 07747</option>
        <option value="27 Daniel Dr Matawan NJ 07747">27 Daniel Dr Matawan NJ 07747</option>
        <option value="428 Lakeview Ave Pitman NJ 08071">428 Lakeview Ave Pitman NJ 08071</option>
        <option value="47 Old Orchard Drive Sicklerville NJ 08081">47 Old Orchard Drive Sicklerville NJ 08081</option>
        <option value="17 Timberwood Drive Egg Harbor Township NJ 08234">17 Timberwood Drive Egg Harbor Township NJ 08234</option>
        <option value="5 Bridgewater Ct Jackson NJ 08527">5 Bridgewater Ct Jackson NJ 08527</option>
        <option value="402 Olive St Neshanic Station NJ 08853">402 Olive St Neshanic Station NJ 08853</option>
        <option value="345 Lunar Rd Piscataway Township NJ 08854">345 Lunar Rd Piscataway Township NJ 08854</option>
        <option value="1430 Mohawk Rd New Brunswick NJ 08902">1430 Mohawk Rd New Brunswick NJ 08902</option>
      </div>

      <div id="NM" class="state_group">
        <option value="39 Mamaw St, Lincoln National Forest Cloudcroft NM 88317">39 Mamaw St, Lincoln National Forest Cloudcroft NM 88317</option>
      </div>


      <div id="NV" class="state_group">
        <option value="517 E Bartlett Ave North Las Vegas NV 89030">517 E Bartlett Ave North Las Vegas NV 89030</option>
        <option value="3225 Palladio Ave North Las Vegas NV 89031">3225 Palladio Ave North Las Vegas NV 89031</option>
        <option value="3709 Allen Ln North Las Vegas NV 89032">3709 Allen Ln North Las Vegas NV 89032</option>
        <option value="4138 Consensus Ct North Las Vegas NV 89032">4138 Consensus Ct North Las Vegas NV 89032</option>
        <option value="4015 Benevolent Dr North Las Vegas NV 89032">4015 Benevolent Dr North Las Vegas NV 89032</option>
        <option value="2538 Vera Cruz Cir Henderson NV 89074">2538 Vera Cruz Cir Henderson NV 89074</option>
        <option value="223 Hollyfern Street Henderson NV 89074">223 Hollyfern Street Henderson NV 89074</option>
        <option value="245 N 18th St Las Vegas NV 89101">245 N 18th St Las Vegas NV 89101</option>
        <option value="9409 Crosspointe Las Vegas NV 89117">9409 Crosspointe Las Vegas NV 89117</option>
        <option value="2705 Ferrin Rd #18 Las Vegas NV 89117">2705 Ferrin Rd #18 Las Vegas NV 89117</option>
        <option value="10320 Pompei Pl Las Vegas NV 89144">10320 Pompei Pl Las Vegas NV 89144</option>
        <option value="317 Lilac Arbor St Las Vegas NV 89144">317 Lilac Arbor St Las Vegas NV 89144</option>
        <option value="11065 Whooping Crane Ln Las Vegas NV 89144">11065 Whooping Crane Ln Las Vegas NV 89144</option>
        <option value="7333 Caballo Range Ave Las Vegas NV 89179">7333 Caballo Range Ave Las Vegas NV 89179</option>
      </div>

      <div id="NY" class="state_group">
        <option value="2 Blinkerlight Rd Stony Brook NY">2 Blinkerlight Rd Stony Brook NY</option>
        <option value="263 Mitchell Rd Heuvelton NY">263 Mitchell Rd Heuvelton NY</option>
        <option value="Jamaica Metropolitan Ave Queens NY">Jamaica Metropolitan Ave Queens NY</option>
        <option value="Jamaica Metropolitan Ave Queens NY">Jamaica Metropolitan Ave Queens NY</option>
        <option value="97 5th Ave #123 New York NY 10003">97 5th Ave #123 New York NY 10003</option>
        <option value="102 East 25th Street #8 New York NY 10010">102 East 25th Street #8 New York NY 10010</option>
        <option value="45 W 23rd St #12 New York NY 10010">45 W 23rd St #12 New York NY 10010</option>
        <option value="99 Jane St #2f New York NY 10014">99 Jane St #2f New York NY 10014</option>
        <option value="399 Park Ave New York NY 10022">399 Park Ave New York NY 10022</option>
        <option value="Staten Island Ocean Terrace Staten Island NY 10301">Staten Island Ocean Terrace Staten Island NY 10301</option>
        <option value="123 Main Street Staten Island NY 10307">123 Main Street Staten Island NY 10307</option>
        <option value="Staten Island Vassar St Staten Island NY 10314">Staten Island Vassar St Staten Island NY 10314</option>
        <option value="749 E 231st St Bronx NY 10466">749 E 231st St Bronx NY 10466</option>
        <option value="183 Schrade Rd Briarcliff Manor NY 10510">183 Schrade Rd Briarcliff Manor NY 10510</option>
        <option value="3604 Victoria Dr Mt Kisco NY 10549">3604 Victoria Dr Mt Kisco NY 10549</option>
        <option value="Brooklyn Rutland Rd Brooklyn NY 11212">Brooklyn Rutland Rd Brooklyn NY 11212</option>
        <option value="Brooklyn 10th Ave Brooklyn NY 11215">Brooklyn 10th Ave Brooklyn NY 11215</option>
        <option value="Ozone Park 89th St Queens NY 11416">Ozone Park 89th St Queens NY 11416</option>
        <option value="95-01 98th St Queens NY 11416">95-01 98th St Queens NY 11416</option>
        <option value="Jamaica Metropolitan Ave Queens NY 11418">Jamaica Metropolitan Ave Queens NY 11418</option>
        <option value="Queens Village 217th St Queens NY 11427">Queens Village 217th St Queens NY 11427</option>
        <option value="108-30 Liverpool St Queens NY 11435">108-30 Liverpool St Queens NY 11435</option>
        <option value="1234 5th St West Babylon NY 11704">1234 5th St West Babylon NY 11704</option>
        <option value="11 Bayview Ave Setauket- East Setauket NY 11733">11 Bayview Ave Setauket- East Setauket NY 11733</option>
        <option value="7 Ring Neck Ridge Lloyd Harbor NY 11743">7 Ring Neck Ridge Lloyd Harbor NY 11743</option>
        <option value="30 Huron St Terryville NY 11776">30 Huron St Terryville NY 11776</option>
        <option value="15 Walnut Dr East Shoreham NY 11786">15 Walnut Dr East Shoreham NY 11786</option>
        <option value="16 Walnut Dr East Shoreham NY 11786">16 Walnut Dr East Shoreham NY 11786</option>
        <option value="2 Blinkerlight Road Stony Brook NY 11790">2 Blinkerlight Road Stony Brook NY 11790</option>
        <option value="14 Lawmar Ln Burnt Hills NY 12027">14 Lawmar Ln Burnt Hills NY 12027</option>
        <option value="200 Dewitt Rd Syracuse NY 13214">200 Dewitt Rd Syracuse NY 13214</option>
        <option value="226 E Temple St Owego NY 13827">226 E Temple St Owego NY 13827</option>
        <option value="7862 State Route 20a Bloomfield NY 14469">7862 State Route 20a Bloomfield NY 14469</option>
        <option value="Honeoye W Main St Honeoye NY 14471">Honeoye W Main St Honeoye NY 14471</option>
        <option value="638 Breed Hollow Rd Horseheads NY 14845">638 Breed Hollow Rd Horseheads NY 14845</option>
      </div>

      <div id="OH" class="state_group">
        <option value="7784 Kate Brown Drive Dublin OH 43017">7784 Kate Brown Drive Dublin OH 43017</option>
        <option value="18780 White Oak Dr Chagrin Falls OH 44023">18780 White Oak Dr Chagrin Falls OH 44023</option>
        <option value="4911 Orchard Rd Garfield Heights OH 44128">4911 Orchard Rd Garfield Heights OH 44128</option>
        <option value="706 Strowbridge Drive Huron OH 44839">706 Strowbridge Drive Huron OH 44839</option>
      </div>

      <div id="OK" class="state_group">
        <option value="4100 Folcroft Rd Edmond OK 73013">4100 Folcroft Rd Edmond OK 73013</option>
      </div>


      <div id="OR" class="state_group">
        <option value="7735 Southwest Forsythia Place Beaverton OR 97008">7735 Southwest Forsythia Place Beaverton OR 97008</option>
        <option value="14629 Southeast 130th Drive Clackamas OR 97015">14629 Southeast 130th Drive Clackamas OR 97015</option>
        <option value="10660 Southeast Jason Lane Happy Valley OR 97086">10660 Southeast Jason Lane Happy Valley OR 97086</option>
        <option value="1234 5th St Astoria OR 97103">1234 5th St Astoria OR 97103</option>
        <option value="2933 Southeast 26th Avenue Portland OR 97202">2933 Southeast 26th Avenue Portland OR 97202</option>
        <option value="3010 Southeast 29th Avenue Portland OR 97202">3010 Southeast 29th Avenue Portland OR 97202</option>
        <option value="3010 Southeast 29th Avenue Portland OR 97202">3010 Southeast 29th Avenue Portland OR 97202</option>
        <option value="7215 Northeast 8th Avenue Portland OR 97211">7215 Northeast 8th Avenue Portland OR 97211</option>
        <option value="516 Northeast Morris Street Portland OR 97212">516 Northeast Morris Street Portland OR 97212</option>
        <option value="14 Northeast 44th Avenue Portland OR 97213">14 Northeast 44th Avenue Portland OR 97213</option>
        <option value="291 North Hayden Bay Drive #291 Portland OR 97217">291 North Hayden Bay Drive #291 Portland OR 97217</option>
        <option value="19840 Northwest Quail Hollow Drive Portland OR 97229">19840 Northwest Quail Hollow Drive Portland OR 97229</option>
        <option value="3542 Northeast 163rd Place Portland OR 97230">3542 Northeast 163rd Place Portland OR 97230</option>
        <option value="13922 Southeast Rhine Street Portland OR 97236">13922 Southeast Rhine Street Portland OR 97236</option>
        <option value="10014 Southeast Clinton Street Portland OR 97266">10014 Southeast Clinton Street Portland OR 97266</option>
        <option value="3050 Olive St Eugene OR 97405">3050 Olive St Eugene OR 97405</option>
        <option value="3336 Talon St Eugene OR 97408">3336 Talon St Eugene OR 97408</option>
        <option value="3322 Ford Dr Medford OR 97504">3322 Ford Dr Medford OR 97504</option>
        <option value="60003 W Ridgeview Dr Bend OR 97702">60003 W Ridgeview Dr Bend OR 97702</option>
      </div>

      <div id="PA" class="state_group">
        <option value="6101 5th Ave Pittsburgh PA 15232">6101 5th Ave Pittsburgh PA 15232</option>
        <option value="205 Meadowbrook Dr CRANBERRY TWP PA 16066">205 Meadowbrook Dr CRANBERRY TWP PA 16066</option>
        <option value="116 E North St Carlisle PA 17013">116 E North St Carlisle PA 17013</option>
        <option value="Breinigsville Putnam Ct Breinigsville PA 18031">Breinigsville Putnam Ct Breinigsville PA 18031</option>
        <option value="527 Green Ln Pen Argyl PA 18072">527 Green Ln Pen Argyl PA 18072</option>
        <option value="31 East Mount Pleasant Avenue Ambler PA 19002">31 East Mount Pleasant Avenue Ambler PA 19002</option>
        <option value="327 Trinity Avenue Ambler PA 19002">327 Trinity Avenue Ambler PA 19002</option>
        <option value="Elkins Park Jenkintown Rd Elkins Park PA 19027">Elkins Park Jenkintown Rd Elkins Park PA 19027</option>
        <option value="54 Fairway Dr Yardley PA 19067">54 Fairway Dr Yardley PA 19067</option>
        <option value="202 Debaptiste Ln West Chester PA 19382">202 Debaptiste Ln West Chester PA 19382</option>
        <option value="136 Davis Dr North Wales PA 19454">136 Davis Dr North Wales PA 19454</option>
        <option value="4015 Pilgrim Road Plymouth Meeting PA 19462">4015 Pilgrim Road Plymouth Meeting PA 19462</option>
      </div>

      <div id="RI" class="state_group">
        <option value="114 E Shore Rd Narragansett RI 02882">114 E Shore Rd Narragansett RI 02882</option>
        <option value="3 Ames St Providence RI 02909">3 Ames St Providence RI 02909</option>
      </div>

      <div id="SC" class="state_group">
        <option value="101 Grove Park Dr Spartanburg SC 29316">101 Grove Park Dr Spartanburg SC 29316</option>
        <option value="615 Oxford Rd Ladson SC 29456">615 Oxford Rd Ladson SC 29456</option>
        <option value="613 Oxford Rd Ladson SC 29456">613 Oxford Rd Ladson SC 29456</option>
        <option value="2586 Lower Assembly Dr Fort Mill SC 29708">2586 Lower Assembly Dr Fort Mill SC 29708</option>
        <option value="1207 Broadside Rd York SC 29745">1207 Broadside Rd York SC 29745</option>
      </div>

      <div id="TN" class="state_group">
        <option value="555 Cedar Fork Rd Tazewell TN 37879">555 Cedar Fork Rd Tazewell TN 37879</option>
        <option value="776 Whisper Hill Cove Collierville TN 38017">776 Whisper Hill Cove Collierville TN 38017</option>
        <option value="2230 Cordes Rd Germantown TN 38139">2230 Cordes Rd Germantown TN 38139</option>
      </div>

      <div id="TX" class="state_group">
        <option value="3604 Burlington Dr Flower Mound TX 75022">3604 Burlington Dr Flower Mound TX 75022</option>
        <option value="7820 Alderwood Pl Plano TX 75025">7820 Alderwood Pl Plano TX 75025</option>
        <option value="1413 Eagle Pass Dr Garland TX 75040">1413 Eagle Pass Dr Garland TX 75040</option>
        <option value="6905 Pensacola Dr Plano TX 75074">6905 Pensacola Dr Plano TX 75074</option>
        <option value="3211 Upshire Ct Plano TX 75075">3211 Upshire Ct Plano TX 75075</option>
        <option value="2520 Evergreen Drive Plano TX 75075">2520 Evergreen Drive Plano TX 75075</option>
        <option value="10217 Fairway Vista Dr Rowlett TX 75089">10217 Fairway Vista Dr Rowlett TX 75089</option>
        <option value="2520 Pickwick Ln Plano TX 75093">2520 Pickwick Ln Plano TX 75093</option>
        <option value="10788 Bushire Dr Dallas TX 75229">10788 Bushire Dr Dallas TX 75229</option>
        <option value="525 Crowley Road Arlington TX 76012">525 Crowley Road Arlington TX 76012</option>
        <option value="2900 Montecito Dr Denton TX 76205">2900 Montecito Dr Denton TX 76205</option>
        <option value="2054 Driskell Dr Denton TX 76210">2054 Driskell Dr Denton TX 76210</option>
        <option value="1533 Haddon St Houston TX 77006">1533 Haddon St Houston TX 77006</option>
        <option value="5702 Beechnut St Houston TX 77074">5702 Beechnut St Houston TX 77074</option>
        <option value="8919 S Rice Ave Houston TX 77096">8919 S Rice Ave Houston TX 77096</option>
        <option value="2013 Pembroke Bay Dr League City TX 77573">2013 Pembroke Bay Dr League City TX 77573</option>
        <option value="7455 Pebble Beach Dr Beaumont TX 77707">7455 Pebble Beach Dr Beaumont TX 77707</option>
        <option value="5245 Concord Rd Beaumont TX 77708">5245 Concord Rd Beaumont TX 77708</option>
        <option value="12614 King Oaks Dr Live Oak TX 78233">12614 King Oaks Dr Live Oak TX 78233</option>
        <option value="4203 Tall Elm Woods San Antonio TX 78249">4203 Tall Elm Woods San Antonio TX 78249</option>
        <option value="906 W 29th St Austin TX 78705">906 W 29th St Austin TX 78705</option>
        <option value="10631 Chestnut Ridge Rd Austin TX 78726">10631 Chestnut Ridge Rd Austin TX 78726</option>
        <option value="12704 Belcara Pl Austin TX 78732">12704 Belcara Pl Austin TX 78732</option>
        <option value="2801 Barton Point Drive Austin TX 78733">2801 Barton Point Drive Austin TX 78733</option>
      </div>

      <div id="UT" class="state_group">
        <option value="10215 Golden Willow Dr Sandy UT 84070">10215 Golden Willow Dr Sandy UT 84070</option>
        <option value="2401 Walker Ln Holladay UT 84117">2401 Walker Ln Holladay UT 84117</option>
        <option value="4121 S 1175 E Millcreek UT 84124">4121 S 1175 E Millcreek UT 84124</option>
        <option value="2493 E 1330 S St Spanish Fork UT 84660">2493 E 1330 S St Spanish Fork UT 84660</option>
      </div>

      <div id="VA" class="state_group">
        <option value="3211 Cobb Hill Lane Oakton VA 22124">3211 Cobb Hill Lane Oakton VA 22124</option>
        <option value="8404 Chillum Ct Newington VA 22153">8404 Chillum Ct Newington VA 22153</option>
        <option value="1745 N Troy St #8 Arlington VA 22201">1745 N Troy St #8 Arlington VA 22201</option>
        <option value="Ruther Glen Village Ct Ruther Glen VA 22546">Ruther Glen Village Ct Ruther Glen VA 22546</option>
        <option value="11730 Nevis Dr Midlothian VA 23114">11730 Nevis Dr Midlothian VA 23114</option>
        <option value="1610 Loose Strife Pl Chesapeake VA 23320">1610 Loose Strife Pl Chesapeake VA 23320</option>
        <option value="457 Crown Crescent Chesapeake VA 23325">457 Crown Crescent Chesapeake VA 23325</option>
        <option value="811 Gable Way Virginia Beach VA 23455">811 Gable Way Virginia Beach VA 23455</option>
        <option value="256 Portview Ave Norfolk VA 23503">256 Portview Ave Norfolk VA 23503</option>
        <option value="511 Summers Dr Norfolk VA 23509">511 Summers Dr Norfolk VA 23509</option>
        <option value="443 St Pauls Blvd #2e Norfolk VA 23510">443 St Pauls Blvd #2e Norfolk VA 23510</option>
        <option value="249 W Freemason St #200 Norfolk VA 23510">249 W Freemason St #200 Norfolk VA 23510</option>
        <option value="2024 Colane Rd Norfolk VA 23518">2024 Colane Rd Norfolk VA 23518</option>
      </div>

      <div id="WA" class="state_group">
        <option value="20213 76th Place Northeast Kenmore WA 98028">20213 76th Place Northeast Kenmore WA 98028</option>
        <option value="20213 76th Pl NE Kenmore WA 98028">20213 76th Pl NE Kenmore WA 98028</option>
        <option value="2415 30th Avenue Northeast Issaquah WA 98029">2415 30th Avenue Northeast Issaquah WA 98029</option>
        <option value="2489 Northeast Ivy Way Issaquah WA 98029">2489 Northeast Ivy Way Issaquah WA 98029</option>
        <option value="18025 Northeast 130th Court Redmond WA 98052">18025 Northeast 130th Court Redmond WA 98052</option>
        <option value="13416 Northeast 75th Street Redmond WA 98052">13416 Northeast 75th Street Redmond WA 98052</option>
        <option value="22558 Northeast 99th Way Redmond WA 98053">22558 Northeast 99th Way Redmond WA 98053</option>
        <option value="753 Harvard Ave E Seattle WA 98102">753 Harvard Ave E Seattle WA 98102</option>
        <option value="753 Harvard Ave E Seattle WA 98102">753 Harvard Ave E Seattle WA 98102</option>
        <option value="5014 15th Avenue Northeast Seattle WA 98105">5014 15th Avenue Northeast Seattle WA 98105</option>
        <option value="3610 NE 42nd St Seattle WA 98105">3610 NE 42nd St Seattle WA 98105</option>
        <option value="2114 Bigelow Ave N Seattle WA 98109">2114 Bigelow Ave N Seattle WA 98109</option>
        <option value="11721 Sunset Avenue Northeast Bainbridge Island WA 98110">11721 Sunset Avenue Northeast Bainbridge Island WA 98110</option>
        <option value="2035 23rd Ave E Seattle WA 98112">2035 23rd Ave E Seattle WA 98112</option>
        <option value="1507 E Denny Way Seattle WA 98122">1507 E Denny Way Seattle WA 98122</option>
        <option value="1830 15th Ave Seattle WA 98122">1830 15th Ave Seattle WA 98122</option>
        <option value="1761 Sturgus Ave S Seattle WA 98144">1761 Sturgus Ave S Seattle WA 98144</option>
        <option value="16270 14th Ave NE Shoreline WA 98155">16270 14th Ave NE Shoreline WA 98155</option>
        <option value="13023 4th Avenue South Burien WA 98168">13023 4th Avenue South Burien WA 98168</option>
        <option value="1234 5th St Bremerton WA 98337">1234 5th St Bremerton WA 98337</option>
        <option value="26732 Washington Blvd NE Kingston WA 98346">26732 Washington Blvd NE Kingston WA 98346</option>
        <option value="1217 199th St Ct E Spanaway WA 98387">1217 199th St Ct E Spanaway WA 98387</option>
        <option value="10116 Bayview Road Kp N Vaughn WA 98394">10116 Bayview Road Kp N Vaughn WA 98394</option>
        <option value="7105 Northeast 74th Avenue Vancouver WA 98662">7105 Northeast 74th Avenue Vancouver WA 98662</option>
        <option value="8703 Northeast 11th Street Vancouver WA 98664">8703 Northeast 11th Street Vancouver WA 98664</option>
        <option value="2317 Northeast 168th Avenue Vancouver WA 98684">2317 Northeast 168th Avenue Vancouver WA 98684</option>
        <option value="2417 Northeast 168th Avenue Vancouver WA 98684">2417 Northeast 168th Avenue Vancouver WA 98684</option>
        <option value="7712 Savary Dr Pasco WA 99301">7712 Savary Dr Pasco WA 99301</option>
      </div>

      <div id="WI" class="state_group">
        <option value="1323 N 13th Ave West Bend WI 53090">1323 N 13th Ave West Bend WI 53090</option>
        <option value="1735 S Twin Willow Dr New Berlin WI 53146">1735 S Twin Willow Dr New Berlin WI 53146</option>
        <option value="15060 W Lincoln Ave New Berlin WI 53151">15060 W Lincoln Ave New Berlin WI 53151</option>
        <option value="14665 W Lincoln Ave New Berlin WI 53151">14665 W Lincoln Ave New Berlin WI 53151</option>
        <option value="1900 Wexford Ln Waukesha WI 53186">1900 Wexford Ln Waukesha WI 53186</option>
        <option value="10431 Pine Ridge Rd Greenfield WI 53228">10431 Pine Ridge Rd Greenfield WI 53228</option>
        <option value="716 5th St Hudson WI 54016">716 5th St Hudson WI 54016</option>
        <option value="527 5th Street West Altoona WI 54720">527 5th Street West Altoona WI 54720</option>
      </div>

      <div id="WV" class="state_group">
        <option value="1918 Preston St Charleston WV 25302">1918 Preston St Charleston WV 25302</option>
        <option value="1918 Carson St Charleston WV 25302">1918 Carson St Charleston WV 25302</option>
        <option value="1918 Bona Vista Dr Charleston WV 25311">1918 Bona Vista Dr Charleston WV 25311</option>
        <option value="1918 Clark Point Terrace Charleston WV 25314">1918 Clark Point Terrace Charleston WV 25314</option>
        <option value="1918 Woodside Cir Charleston WV 25314">1918 Woodside Cir Charleston WV 25314</option>
        <option value="305 Plantation Dr Hurricane WV 25526">305 Plantation Dr Hurricane WV 25526</option>
        <option value="304 Plantation Dr Hurricane WV 25526">304 Plantation Dr Hurricane WV 25526</option>
      </div>